nr_candidato,nm_candidato,sg_partido,ds_cargo,total_votos,zonas_com_voto,ano
50100,MARIANA CONTI TAKAHASHI,PSOL,Vereador,14356,7,2024
23000,VINICIUS DE OLIVEIRA SANDOVAL,CIDADANIA,Vereador,11423,7,2024
10200,HIGOR DIEGO RALLA,REPUBLICANOS,Vereador,11391,7,2024
44000,RODRIGO LUIS DE BARROS ALMEIDA,UNIÃO,Vereador,9006,7,2024
22123,LUIS HENRIQUE SILVA SCHENEIDER,PL,Vereador,7993,7,2024
22000,DEBORA DE ANDRADE PALERMO,PL,Vereador,7690,7,2024
13123,PAOLLA CATHERINE DOS SANTOS MIGUEL AGARD,PT,Vereador,7485,7,2024
22222,OTTO ALEJANDRO RIGAZZO ETTINGER,PL,Vereador,7442,7,2024
40580,JOSE CARLOS DOS SANTOS,PSB,Vereador,7328,7,2024
10123,BENEDITO ROBERTO ALVES FERREIRA,REPUBLICANOS,Vereador,7057,7,2024
40500,RUBENS SOARES DO NASCIMENTO,PSB,Vereador,6960,7,2024
15000,ARNALDO SALVETTI PALÁCIO JUNIOR,MDB,Vereador,6921,7,2024
11011,MARCELO DUCHOVNI SILVA,PP,Vereador,6895,7,2024
40456,PERMINIO MONTEIRO DA SILVA,PSB,Vereador,6612,7,2024
55055,NELSON HOSSRI NETO,PSD,Vereador,6157,7,2024
44200,EDSON RIBEIRO,UNIÃO,Vereador,6129,7,2024
10000,LUIZ CARLOS ROSSINI,REPUBLICANOS,Vereador,6112,7,2024
22422,BENEDITO PEREIRA LIMA,PL,Vereador,6093,7,2024
20020,LUIZ HENRIQUE CIRILO,PODE,Vereador,5694,7,2024
13020,MARGARIDA DA SILVA CALIXTO,PT,Vereador,5492,7,2024
10456,CARMO LUIZ GREGÓRIO DA SILVA,REPUBLICANOS,Vereador,5479,7,2024
40112,FILIPE BATISTA MARCHESI,PSB,Vereador,5435,7,2024
22233,GUILHERME BANDONI TEIXEIRA,PL,Vereador,5383,7,2024
13300,WAGNER DE MELO ROMÃO,PT,Vereador,5088,7,2024
20100,HEBERT GARAGNANI,PODE,Vereador,5004,7,2024
77100,JAIR QUINÁLIA,SOLIDARIEDADE,Vereador,4924,7,2024
65656,GUSTAVO LEMOS PETTA,PC do B,Vereador,4803,7,2024
20000,EDUARDO DOS REIS MAGOGA,PODE,Vereador,4780,7,2024
22622,EDEVALDO DE MELO,PL,Vereador,4536,7,2024
40678,JOSE CARLOS SILVA,PSB,Vereador,4460,7,2024
15123,JOÃO BATISTA DE PAULA,MDB,Vereador,4460,7,2024
20123,GILBERTO LEÃO DE ARAÚJO,PODE,Vereador,4441,7,2024
40888,AILTON FERNANDES SARMENTO,PSB,Vereador,4374,7,2024
40013,JAIRSON VALERIO DOS ANJOS,PSB,Vereador,4143,7,2024
10500,LUIS MOKITI YABIKU,REPUBLICANOS,Vereador,4039,7,2024
30999,PAULO SERGIO BARCELLOS GASPAR,NOVO,Vereador,4018,7,2024
40234,MARCOS JOSE BERNARDELLI,PSB,Vereador,4013,7,2024
55655,PAULO CÉSAR HADDAD,PSD,Vereador,3969,7,2024
22789,JUSCELINO DE SOUZA MARTINS,PL,Vereador,3678,7,2024
15111,RODRIGO DA SILVA FREITAS DOS SANTOS,MDB,Vereador,3636,7,2024
10234,MILTON SOARES MUCHIUTTE,REPUBLICANOS,Vereador,3397,7,2024
11000,YANKO GONÇALVES MELLO,PP,Vereador,3302,7,2024
50123,FERNANDA DE OLIVEIRA SOUTO,PSOL,Vereador,3268,7,2024
13011,CECILIO SERAFIM DOS SANTOS,PT,Vereador,3182,7,2024
50000,PAULO ROBERTO BUFALO,PSOL,Vereador,3173,7,2024
20050,ANDRÉ LUIS SILVA DE SOUZA,PODE,Vereador,3094,7,2024
55510,MULLER PASCHOAL DE OLIVEIRA FERREIRA,PSD,Vereador,3044,7,2024
10222,JEZIEL SEVERINO DA SILVA,REPUBLICANOS,Vereador,3035,7,2024
55222,JORGE DOS SANTOS MONTANARI,PSD,Vereador,3012,7,2024
44040,APARECIDO SOUZA SANTOS,UNIÃO,Vereador,3003,7,2024
44250,MAURICELE DA SILVA LOPES,UNIÃO,Vereador,2918,7,2024
22400,MARCIA APARECIDA PEREIRA DA SILVA PINHEIRO,PL,Vereador,2881,7,2024
40800,MARCELO VITAL,PSB,Vereador,2787,7,2024
10450,MARCELO PONTEL,REPUBLICANOS,Vereador,2571,7,2024
15555,HÉLIO ALVES MOREIRA,MDB,Vereador,2516,7,2024
44190,JAIME DE SOUZA,UNIÃO,Vereador,2470,7,2024
44019,FELIPE PEREIRA DE CAMPOS VERGUEIRO,UNIÃO,Vereador,2359,7,2024
13112,EVELYN SILVA DO NASCIMENTO VICENTE DA SILVA,PT,Vereador,2342,7,2024
22022,CARLOS EDUARDO CRUZ,PL,Vereador,2269,7,2024
50001,MARCELA DIAS MOREIRA,PSOL,Vereador,2262,7,2024
11456,FABIO CAMILO DE ALMEIDA,PP,Vereador,2256,7,2024
50019,THAMIRES BATISTA GOMES RAMOS,PSOL,Vereador,2251,7,2024
40345,CLAUDINEI ALMEIDA,PSB,Vereador,2211,7,2024
15567,LUIS GUSTAVO MARQUES DOS SANTOS,MDB,Vereador,2116,7,2024
44999,MARCONE JOSÉ DE LIMA,UNIÃO,Vereador,2103,7,2024
13019,JUCELINO SOUZA DE NOVAIS JUNIOR,PT,Vereador,2094,7,2024
11022,JONATHAS DE SIQUEIRA FERREIRA,PP,Vereador,2052,7,2024
40900,JOSE HONORATO DOS SANTOS,PSB,Vereador,2047,7,2024
13100,LUIZ CARLOS FELICIDADE,PT,Vereador,2025,7,2024
11153,SILVIO MARCIO LAVORATO,PP,Vereador,1933,7,2024
10800,DONIZETI GOMES,REPUBLICANOS,Vereador,1920,7,2024
44215,PEDRO ANDRÉ DOS SANTOS,UNIÃO,Vereador,1902,7,2024
55000,GUILHERME DAMASCENO FERNANDES,PSD,Vereador,1781,7,2024
55555,FLÁVIO MAYNARDES ARAÚJO,PSD,Vereador,1780,7,2024
15789,JAKSSON LEANDRO LUCIANO GONÇALVES,MDB,Vereador,1765,7,2024
40555,LUIZ FERNANDO MARIANO MATEUS,PSB,Vereador,1741,7,2024
20555,DANILO RIDYER PALMA,PODE,Vereador,1697,7,2024
55500,AÍLTON LOURENÇO DA SILVA,PSD,Vereador,1678,7,2024
11111,VINICIUS CAMARGO GRATTI,PP,Vereador,1607,7,2024
40444,JOÃO GOMES JUNIOR,PSB,Vereador,1553,7,2024
10150,PAULO ROBERTO DOS SANTOS VIEIRA,REPUBLICANOS,Vereador,1535,7,2024
70777,VALDEIR LUCCHIARI,AVANTE,Vereador,1497,7,2024
15999,ALTAIR ALVES PAIXÃO,MDB,Vereador,1485,7,2024
11999,LEONICE ALVES DA PÁZ,PP,Vereador,1440,7,2024
50016,SUZY SANTOS,PSOL,Vereador,1388,7,2024
20190,MARCOS ALVES FERREIRA,PODE,Vereador,1335,7,2024
13613,CARLOS ROBERTO DE OLIVEIRA,PT,Vereador,1330,7,2024
11888,ANDRÉ LUIS TOLOTTO,PP,Vereador,1323,7,2024
55190,JOSÉ ANTONIO PEREIRA JÚNIOR,PSD,Vereador,1321,7,2024
15055,CARLOS HENRIQUE PINTO,MDB,Vereador,1320,7,2024
10007,TERESINHA DE CARVALHO,REPUBLICANOS,Vereador,1276,7,2024
11123,JULIANO ANTONIO MARÇAL,PP,Vereador,1249,7,2024
20002,RENAN FAGNER SALOMÃO DE SOUZA,PODE,Vereador,1228,7,2024
40123,MARIO CESAR MELLO DA SILVA,PSB,Vereador,1221,7,2024
55123,ANGELO DINIZ,PSD,Vereador,1211,7,2024
70800,ELCIO BATISTA,AVANTE,Vereador,1195,7,2024
40222,ERIKA VIVIANE DE SOUZA RAMOS,PSB,Vereador,1193,7,2024
55577,CID FERREIRA DE SOUZA,PSD,Vereador,1162,7,2024
13000,JOSÉ ABREU DE LUCENA,PT,Vereador,1149,7,2024
20500,JOSÉ CARLOS FURIOSO,PODE,Vereador,1148,7,2024
55522,LUIZ LAURO FERREIRA,PSD,Vereador,1096,7,2024
15678,ORLEANS DE SÁ ALENCAR,MDB,Vereador,1096,7,2024
11001,MICHAEL AUGUSTO CRISÓSTOMO,PP,Vereador,1075,7,2024
44444,MARJORIE DA COSTA HENRIQUE RODRIGUES,UNIÃO,Vereador,1074,7,2024
55444,CLÁUDIO JOSÉ BERNANDES,PSD,Vereador,1067,7,2024
15250,ANDRÉ LUIZ DE CAMARGO VON ZUBEN,MDB,Vereador,1055,7,2024
77000,VAGNER  DOS SANTOS BELLINI,SOLIDARIEDADE,Vereador,1051,7,2024
44567,HENRI MAEDA,UNIÃO,Vereador,1032,7,2024
40050,RENAN RONCOLATTO PEREIRA DE ALMEIDA,PSB,Vereador,1006,7,2024
20007,LUIZ GONZAGA,PODE,Vereador,984,7,2024
10100,TIAGO LUIS DE SOUZA,REPUBLICANOS,Vereador,967,7,2024
13111,JACQUELINE DE CAMPOS MEDEIROS,PT,Vereador,958,7,2024
23123,TAK CHUNG WU,CIDADANIA,Vereador,956,7,2024
40400,ARIANA PAULA FREITAS ORLANDO,PSB,Vereador,945,7,2024
55007,MAURÍCIO LUCENTI GEREMONTE,PSD,Vereador,945,7,2024
10210,MARCIO LOPES DOS SANTOS,REPUBLICANOS,Vereador,934,7,2024
13013,HAMED MAUCH BITTAR,PT,Vereador,934,7,2024
77716,TELMA FRANCISCA BARROS DE SOUSA SEVERO MARQUES,SOLIDARIEDADE,Vereador,927,7,2024
22352,FERNANDO LUIS COUTINHO NEVES,PL,Vereador,914,7,2024
28999,ANA HARUMI OLIVEIRA,PRTB,Vereador,908,7,2024
11789,JOSE CARLOS DO NASCIMENTO,PP,Vereador,903,7,2024
10789,CARLOS JOSÉ LEMOS,REPUBLICANOS,Vereador,899,7,2024
43000,VALERIA MEIRELLES MONTEIRO,PV,Vereador,898,7,2024
44123,WANDERLEY LUIZ SARTORI,UNIÃO,Vereador,887,7,2024
70190,CLODOALDO MAIOLINI FILHO,AVANTE,Vereador,882,7,2024
10010,CLAUDIO CORMANICH,REPUBLICANOS,Vereador,882,7,2024
44100,CLAUDIA DAS DORES CAMARGO DA SILVA,UNIÃO,Vereador,879,7,2024
10556,GIOVANNE SOTELLO LAVORINI,REPUBLICANOS,Vereador,878,7,2024
44400,JORGE RICARDO TEIXEIRA CEZARIO,UNIÃO,Vereador,874,7,2024
40110,ARMINDO LIMA DE ALMEIDA,PSB,Vereador,857,7,2024
70444,CARLOS EDUARDO ZANCHETA,AVANTE,Vereador,847,7,2024
23623,PAULO HENRIQUE EMERICK DA SILVA,CIDADANIA,Vereador,843,7,2024
40000,ANDERSON DELBUE GIANETTI,PSB,Vereador,815,7,2024
23200,JEAN MARCOS ZACARIAS DA SILVA,CIDADANIA,Vereador,790,7,2024
70153,GIULIANO SANTOS ROCHA,AVANTE,Vereador,787,7,2024
13700,GEORGENIS HENRIQUE DE OLIVEIRA SOARES,PT,Vereador,786,7,2024
13500,IVONE CRESCENCIO DA SILVA MENDONÇA,PT,Vereador,783,7,2024
55321,ADAUTO JOSÉ DE JESUS,PSD,Vereador,774,7,2024
10700,BRUNO SENNA NETO,REPUBLICANOS,Vereador,769,7,2024
70123,JOSE DE ARIMATEA SANTOS SILVA FILHO,AVANTE,Vereador,767,7,2024
40220,DOUGLAS MENEZES,PSB,Vereador,763,7,2024
30000,CLIMÉRIO DOS SANTOS VIEIRA,NOVO,Vereador,753,7,2024
11200,ADILSON DE SOUZA ROCHA,PP,Vereador,750,7,2024
10300,THIAGO DE OLIVEIRA GONÇALVES,REPUBLICANOS,Vereador,741,7,2024
44111,JOSE FRANCISCO DA SILVA,UNIÃO,Vereador,733,7,2024
22500,ANGELO ROBERTO SARTORI,PL,Vereador,724,7,2024
10019,ROBLEDO RUAN SANTOS SOUSA,REPUBLICANOS,Vereador,717,7,2024
20243,ABRAÃO STREY,PODE,Vereador,714,7,2024
23456,EVERALDO LUIZ VIEIRA,CIDADANIA,Vereador,707,7,2024
23567,ANTONIO GONÇALVES DA SILVA,CIDADANIA,Vereador,700,7,2024
20777,FRANCISCO DANILO ALVES GOMES,PODE,Vereador,687,7,2024
22336,FLÁVIO EDILSON PADOVINI,PL,Vereador,687,7,2024
27123,DANIEL DE SOUZA NOVELLO ARAUJO,DC,Vereador,679,7,2024
70400,ERIVAN FELIZARDO REGO,AVANTE,Vereador,671,7,2024
13138,SOLANGE LOUREIRO POZZUTO,PT,Vereador,669,7,2024
10080,LUIZ FELIPE DE OLIVEIRA THEODORO,REPUBLICANOS,Vereador,663,7,2024
20234,APARECIDO DE CAMPOS FILHO,PODE,Vereador,647,7,2024
15777,LUCIANA APARECIDA CARDOSO,MDB,Vereador,645,7,2024
10333,NOEMI SILVANA PRATES DE OLIVEIRA,REPUBLICANOS,Vereador,644,7,2024
44777,INACIO RODRIGUES DA FONSECA,UNIÃO,Vereador,634,7,2024
35678,PAULO BERNARDINO DE SOUZA,PMB,Vereador,630,7,2024
18123,CAMILA DELMONDES DIAS,REDE,Vereador,617,7,2024
23789,LUIZ ANTONIO PAOLILLO DE CRESCENZO,CIDADANIA,Vereador,616,7,2024
13456,GIVALDO FERREIRA DE LIMA,PT,Vereador,611,7,2024
40100,JOSE BATISTA DE CARVALHO FILHO,PSB,Vereador,608,7,2024
11222,FRANCISCA ROSANA MONTANHER,PP,Vereador,606,7,2024
10190,DENILSON DO PRADO,REPUBLICANOS,Vereador,601,7,2024
20997,JOSENILTON ALMEIDA,PODE,Vereador,582,7,2024
15222,CRISTIANO FORIGATO,MDB,Vereador,582,7,2024
44700,PAULA DA SILVA RAMOS,UNIÃO,Vereador,575,7,2024
22333,THELMA ELAINE BRASILEIRO ROBERTI,PL,Vereador,575,7,2024
22922,SHIRLEI ARAÚJO DOS SANTOS,PL,Vereador,573,7,2024
28193,JOÃO RAMOS  DOS SANTOS SOBRINHO,PRTB,Vereador,564,7,2024
11210,JOSÉ APARECIDO DOS SANTOS,PP,Vereador,563,7,2024
44025,MARCELINO FELISBERTO DA COSTA,UNIÃO,Vereador,558,7,2024
20022,JOÃO BATISTA DE MOURA,PODE,Vereador,557,7,2024
30007,GUILHERME PUPO NOGUEIRA MONTEIRO,NOVO,Vereador,548,7,2024
44007,LEONARDO RUELA SANTANA,UNIÃO,Vereador,537,7,2024
36555,REGINALDO NERIS PEREIRA,AGIR,Vereador,535,7,2024
20230,PAULO RICARDO GALTERIO,PODE,Vereador,535,7,2024
15369,ADEMIR LUIS GAVA,MDB,Vereador,531,7,2024
44644,WILIAN MENEZES XAVIER,UNIÃO,Vereador,527,7,2024
23007,MARCÉLIO ANDRADE LEÃO,CIDADANIA,Vereador,520,7,2024
22444,JAQUELINE MACIEL LUSTOSA,PL,Vereador,520,7,2024
35816,FÁBIO OLIVEIRA DA SILVA,PMB,Vereador,517,7,2024
27456,FABIO ZOROASTRO LELLIS,DC,Vereador,509,7,2024
70300,REBECA CRISTINA DE SOUZA,AVANTE,Vereador,506,7,2024
23019,GILSON ROGÉRIO DE MORAES,CIDADANIA,Vereador,497,7,2024
70500,CLAUDINEI APARECIDO DO CARMO,AVANTE,Vereador,494,7,2024
10015,ZILDA APARECIDA BRAMBILLA,REPUBLICANOS,Vereador,491,7,2024
55700,EDSON CARNEIRO JÚNIOR,PSD,Vereador,489,7,2024
20153,ALEXANDRE MORAES DE ALVARENGA RANGEL,PODE,Vereador,488,7,2024
22722,MARCOS ANTONIO CLEMENTE,PL,Vereador,481,7,2024
20011,GERALDO CEZÁRIO RIBEIRO,PODE,Vereador,475,7,2024
23177,MARCELO EDUARDO HEIN,CIDADANIA,Vereador,475,7,2024
20595,SÉRGIO ROBERTO SANTIAGO SILVA,PODE,Vereador,474,7,2024
77077,JOSE DILSON RODRIGUES,SOLIDARIEDADE,Vereador,472,7,2024
12171,PEDRO JOSÉ DE PAULA,PDT,Vereador,470,7,2024
44743,RENY CANDIDO BEZERRA,UNIÃO,Vereador,466,7,2024
11080,ANA PAULA DA SILVA LUZ,PP,Vereador,465,7,2024
23223,WESLEY ÁLVARO MONTEIRO AGUIAR,CIDADANIA,Vereador,460,7,2024
30030,CELSO HENRIQUE DE OLIVEIRA,NOVO,Vereador,449,7,2024
36234,MAURO PEREIRA,AGIR,Vereador,446,7,2024
55010,DANIELE CRISTINA SCHETTINI,PSD,Vereador,445,7,2024
23023,RICARDO APARECIDO DOS SANTOS,CIDADANIA,Vereador,442,7,2024
55255,LEANDRO LUCAS GARCEZ,PSD,Vereador,439,7,2024
28299,WILSON RODRIGUES MILAGRES,PRTB,Vereador,438,7,2024
20775,GIANCARLO LOPES TORRES,PODE,Vereador,436,7,2024
22038,JOEVAL DE OLIVEIRA MARTINS,PL,Vereador,433,7,2024
44321,KAREN GABRIELA ARAUJO DOS SANTOS,UNIÃO,Vereador,431,7,2024
22380,KLEBER SARAIVA SIMÕES,PL,Vereador,420,7,2024
77123,ANDRÉ LUIS BERNARDO,SOLIDARIEDADE,Vereador,416,7,2024
30300,AKEMI ELIZABETH SHIGIHARA,NOVO,Vereador,406,7,2024
22122,EDSON RIBEIRO DE OLIVEIRA,PL,Vereador,405,7,2024
77055,IZAURA PEREIRA,SOLIDARIEDADE,Vereador,404,7,2024
44024,GABRIELA FELIS DA SILVA SIMÃO,UNIÃO,Vereador,403,7,2024
20888,ELIÂNGELA APARECIDA HENRIQUE SOUZA,PODE,Vereador,399,7,2024
40177,SANDRA APARECIDA RODRIGUES PITON,PSB,Vereador,399,7,2024
44117,CLEMENTE JOSÉ CAPUCHINHO,UNIÃO,Vereador,397,7,2024
55888,DANILO BOTELHO SANCHES,PSD,Vereador,396,7,2024
23333,BRUNA GUIMARÃES BARBOSA,CIDADANIA,Vereador,395,7,2024
22200,MIRIAM DE JESUS TOMAZ,PL,Vereador,394,7,2024
11500,LEANDRO ANDALICIO DE REZENDE,PP,Vereador,394,7,2024
50013,OSMAIR QUERIDO,PSOL,Vereador,375,7,2024
16555,MATHEUS CORREIA DOS REIS E SOUZA,PSTU,Vereador,372,7,2024
27022,MARCO ANTONIO CLAUDINO,DC,Vereador,368,7,2024
70100,MARCIO VASCONCELOS SILVA,AVANTE,Vereador,367,7,2024
23300,WEDY PINHEIRO ANDRADE,CIDADANIA,Vereador,367,7,2024
20444,VALÉRIA APARECIDA COSTA TORRES,PODE,Vereador,359,7,2024
55777,JOÃO PAULO ROMIM GIMEZEZ,PSD,Vereador,358,7,2024
70051,CARLOS ROBERTO TOLEDO,AVANTE,Vereador,356,7,2024
13024,CARLOS ALEXANDRE SPUNCHIADO,PT,Vereador,353,7,2024
13005,MARIA NILDES DOS SANTOS NASCIMENTO,PT,Vereador,353,7,2024
77896,AMANDI BUZON RODELLI,SOLIDARIEDADE,Vereador,352,7,2024
11300,VALDIR FERREIRA,PP,Vereador,347,7,2024
11012,JULIO CESAR BEARARI,PP,Vereador,347,7,2024
70888,JOAO LUIS CAIRES,AVANTE,Vereador,344,7,2024
44244,WAGNER ALBERTO GUERINI,UNIÃO,Vereador,343,7,2024
10050,ANGÉLICA SOARES,REPUBLICANOS,Vereador,340,7,2024
70001,JOSE MILTON DA SILVA,AVANTE,Vereador,340,7,2024
30494,PETERSON FIEL DA SILVA,NOVO,Vereador,338,7,2024
15300,ADRIANA EMILIA HEITMANN GONÇALVES TEIXEIRA FONTES,MDB,Vereador,335,7,2024
12345,ANDRÉ AUGUSTO CARDOSO,PDT,Vereador,333,7,2024
40999,MARCIO JOSE ALVES DO NASCIMENTO,PSB,Vereador,332,7,2024
10777,LEANDRO ROSALEM FERREIRA,REPUBLICANOS,Vereador,329,7,2024
11777,GABRIELA APOLINÁRIO,PP,Vereador,328,7,2024
70007,SANDRO TEIXEIRA BATISTA,AVANTE,Vereador,324,7,2024
13010,SERGIO BANDEIRA OLIVEIRA,PT,Vereador,324,7,2024
22678,DIJALMA LACERDA,PL,Vereador,322,7,2024
35700,CICERO ERIVALDO CARDOSO FEITOSA,PMB,Vereador,321,7,2024
20789,LUCINEIDE DA CONCEIÇÃO LIMA,PODE,Vereador,321,7,2024
11567,ANDRÉ DIONÍSIO FAVELA,PP,Vereador,321,7,2024
55566,ANDERSON DE SOUZA,PSD,Vereador,320,7,2024
27888,ZULEICA APARECIDA DA SILVA,DC,Vereador,317,7,2024
22017,LUZIA DAS GRAÇAS ASSIS,PL,Vereador,315,7,2024
77222,SANDRO LUIZ FREIRE,SOLIDARIEDADE,Vereador,313,7,2024
22777,DANIELLE GOMES DE CARVALHO,PL,Vereador,309,7,2024
43123,AHMED TARIQUE TOMBOUCTOU AGIO,PV,Vereador,305,7,2024
70700,WILLIAM ALESSANDRO DINARTI,AVANTE,Vereador,304,7,2024
40300,SHIRLEI APARECIDA BUENO ALVES,PSB,Vereador,303,7,2024
55111,SILVANA RIGOLIN FERREIRA,PSD,Vereador,303,7,2024
25777,OSCAR FONSECHI NETO,PRD,Vereador,301,7,2024
18013,JULIANE FERNANDES QUEIROZ,REDE,Vereador,299,7,2024
20019,LUCIANA DA SILVA MENDES,PODE,Vereador,297,7,2024
15015,JOÃO CARLOS NUNES DA MATA,MDB,Vereador,295,7,2024
70070,EMERSON SANTANA PIVATO,AVANTE,Vereador,295,7,2024
36300,JOÃO OLIMPIO SANTANA FERREIRA,AGIR,Vereador,295,7,2024
35118,HELIET TELMIS FERRARI,PMB,Vereador,294,7,2024
30333,CÁSSIO HERVELLA,NOVO,Vereador,294,7,2024
28069,ANTONIO R DE LUCENA JUNIOR,PRTB,Vereador,293,7,2024
23100,BENTO ROSA SOARES,CIDADANIA,Vereador,291,7,2024
11333,EMERSON MENDES DE SOUZA,PP,Vereador,287,7,2024
35325,LUCAS AMARO DOS SANTOS,PMB,Vereador,284,7,2024
30100,ANDRESSA DE MELO CARLOS PAZ,NOVO,Vereador,281,7,2024
22822,EDSON JOSÉ BATISTA,PL,Vereador,280,7,2024
36000,VALDIRLEI MARTINGHI,AGIR,Vereador,278,7,2024
35777,ABIATÁ JOSÉ DE LIMA,PMB,Vereador,278,7,2024
77707,PÉRCIO HENRIQUE FERNANDES,SOLIDARIEDADE,Vereador,277,7,2024
20001,FÁTIMA REGINA GONÇALVES DIAS DOS SANTOS,PODE,Vereador,275,7,2024
40012,JURACY PEREIRA COUTINHO JUNIOR,PSB,Vereador,274,7,2024
10714,NILVA MARIA DE LIMA JORDÃO,REPUBLICANOS,Vereador,274,7,2024
50025,LUARA RODRIGUES SANTANA,PSOL,Vereador,268,7,2024
11190,EDUARDO FRANCISCO DA SILVA,PP,Vereador,266,7,2024
13205,ADILSON DE SOUZA,PT,Vereador,264,7,2024
23233,ROSELI APARECIDA DOS SANTOS,CIDADANIA,Vereador,263,7,2024
28211,REINALDO  ANASTACIO,PRTB,Vereador,261,7,2024
28022,TATIANE CRISTINA DE SOUZA RODRIGUES,PRTB,Vereador,259,7,2024
45656,DOANI EMANUELA BERTAN,PSDB,Vereador,259,7,2024
35333,MARIA DA PAZ SANTIAGO DE ARAÚJO,PMB,Vereador,254,7,2024
36678,JOSÉ CARLOS DA SILVA CHAVES,AGIR,Vereador,254,7,2024
45500,WILSON DA SILVA,PSDB,Vereador,253,7,2024
27000,ALEXSANDER LEAL DE OLIVEIRA,DC,Vereador,253,7,2024
30303,ALEXANDRE HENRIQUE GIOVANNETTI,NOVO,Vereador,253,7,2024
22110,ANDREIA PEREIRA FERRAZ,PL,Vereador,252,7,2024
40019,ANDREA PEREIRA MONTEIRO VASCONCELLOS,PSB,Vereador,251,7,2024
28033,ELIELTON MESSALI,PRTB,Vereador,250,7,2024
44500,ROSA FERREIRA DA SILVA,UNIÃO,Vereador,248,7,2024
44789,JOSÉ RIBEIRO DO PRADO NETO,UNIÃO,Vereador,248,7,2024
70288,JOSÉ GONZAGA DOS SANTOS JUNIOR,AVANTE,Vereador,247,7,2024
27007,SAMUEL FERNANDO RODRIGUES,DC,Vereador,246,7,2024
23888,ROGÉRIO FIGUEIREDO SANTANA,CIDADANIA,Vereador,242,7,2024
28028,CARLOS ANDRÉ MELO,PRTB,Vereador,242,7,2024
12333,RODOLFO TEIXEIRA CORREA,PDT,Vereador,235,7,2024
20456,ROSEMIRO APARECIDO FERREIRA,PODE,Vereador,234,7,2024
55121,LUCAS VIEIRA BUENO ROSSI,PSD,Vereador,231,7,2024
22700,SILVIA HELENA MAGALHÃES DE FIGUEIREDO,PL,Vereador,231,7,2024
25625,ANTONIO CABRAL DA SILVA,PRD,Vereador,229,7,2024
20200,MÁRCIO AUGUSTO SILVA,PODE,Vereador,226,7,2024
23444,ANTONIO FRANCISCO NASCIMENTO,CIDADANIA,Vereador,225,7,2024
35035,JORGE FERREIRA PORTO,PMB,Vereador,225,7,2024
10104,FRANCISCO DE SOUZA,REPUBLICANOS,Vereador,224,7,2024
36390,FRANCISCO CARLOS DE OLIVEIRA,AGIR,Vereador,222,7,2024
11211,RONIE FERREIRA DOS SANTOS,PP,Vereador,219,7,2024
28321,EVELYN VIEIRA FARIAS,PRTB,Vereador,218,7,2024
15155,ANDREA DA SILVEIRA PODAVI,MDB,Vereador,216,7,2024
28001,CARLOS EDUARDO  DE ARAUJO,PRTB,Vereador,214,7,2024
12580,CLAUDECI DE OLIVEIRA PINTO,PDT,Vereador,214,7,2024
25888,ANDRÉ LUIS CENSI DOS SANTOS,PRD,Vereador,213,7,2024
12777,CLAUDIO RISSI,PDT,Vereador,213,7,2024
36888,MARIA RITA DE CASSIA LIVATO,AGIR,Vereador,213,7,2024
20645,ROGER RICARDI LEAL GERMANO,PODE,Vereador,208,7,2024
27019,RODRIGO BOTASSIN PEREIRA,DC,Vereador,206,7,2024
40513,NEUSA SILVA,PSB,Vereador,202,7,2024
44234,DIMARINO ALVES DE CASTRO,UNIÃO,Vereador,195,7,2024
15003,DANIEL CARDOSO APARECIDO,MDB,Vereador,193,7,2024
25612,JOSÉ REIS GABRIEL,PRD,Vereador,193,7,2024
27001,MARCIO JOSE BARBOSA,DC,Vereador,192,7,2024
11033,CARLOS ALBERTO BERTOLDO,PP,Vereador,191,7,2024
22369,GILBERT JOSE DE MELLO,PL,Vereador,189,7,2024
13888,CESAR VITORINO DA COSTA,PT,Vereador,186,7,2024
50150,GERONIMO SOUZA ROCHA,PSOL,Vereador,185,7,2024
77456,MARCIA MARIA FERREIRA VIEIRA,SOLIDARIEDADE,Vereador,184,7,2024
45678,JOSÉ FERREIRA CAMPOS FILHO,PSDB,Vereador,183,7,2024
35123,CARLOS HENRIQUE MEDEIROS,PMB,Vereador,182,7,2024
50111,NILSON DONIZETE DE SOUSA,PSOL,Vereador,181,7,2024
55455,ALESSANDRA LUCIANA LICCO,PSD,Vereador,181,7,2024
15888,ANA SOARES FERRO,MDB,Vereador,180,7,2024
45005,REGINALDO APÓSTOLO SANTOS,PSDB,Vereador,180,7,2024
12000,EDIVALDO DA SILVA ALVES,PDT,Vereador,180,7,2024
70333,RAIMUNDO ELIEL NUNES DE LIMA,AVANTE,Vereador,179,7,2024
13599,UBIRATAN ROBERTO ALVES FERREIRA,PT,Vereador,177,7,2024
22555,MARIA EDUARDA APARECIDA MATTO GROSSO BORGES,PL,Vereador,173,7,2024
30777,MARCOS SOUZA DA CRUZ,NOVO,Vereador,173,7,2024
23001,GONÇALO MOREIRA ARAÚJO,CIDADANIA,Vereador,172,7,2024
43500,GILMAR DE LIMA TEODORO,PV,Vereador,172,7,2024
28000,JANAINA ROMÃO DE SOUZA,PRTB,Vereador,169,7,2024
11900,ROSÂNGELA ROSA GODOI,PP,Vereador,168,7,2024
11100,ADRIANA SANCHES GALDEANO BORGO,PP,Vereador,167,7,2024
12123,GABRIEL RIBEIRO NOVAIS DOS REIS,PDT,Vereador,167,7,2024
35411,CLAUDIANO DA SILVA FERREIRA,PMB,Vereador,166,7,2024
36477,JEFERSON AMARANTE,AGIR,Vereador,163,7,2024
40777,JANAINA ROCHA DEMONTE,PSB,Vereador,162,7,2024
12030,JOSÉ GERALDO CRUZ COSTA,PDT,Vereador,161,7,2024
15007,WILSON TOURINHO DOS SANTOS,MDB,Vereador,161,7,2024
15345,GIULIANO MARTINS DE OLIVEIRA,MDB,Vereador,161,7,2024
12013,MIGUEL DENTINI NETO,PDT,Vereador,159,7,2024
27277,NELSON JOSE PACHECO,DC,Vereador,156,7,2024
35433,JEFFERSON DANIEL VIEIRA FELIX,PMB,Vereador,155,7,2024
30330,DOUGLAS FRANK LENHARD,NOVO,Vereador,154,7,2024
15001,RUBENS DE LIMA CAMPOS,MDB,Vereador,154,7,2024
28192,JOÃO DA CRUZ PEREIRA DA SILVA,PRTB,Vereador,150,7,2024
10770,ELIANE MARIA ADAMI,REPUBLICANOS,Vereador,149,7,2024
55072,ELIANE CRISTINA WAETGE,PSD,Vereador,148,7,2024
44027,MARCIA REGINA DE LIMA,UNIÃO,Vereador,148,7,2024
22567,ALEXSANDRO BATISTA,PL,Vereador,146,7,2024
55234,MARINES BARBOSA DA SILVA,PSD,Vereador,144,7,2024
12151,MANOEL MESSIAS DOS SANTOS,PDT,Vereador,141,7,2024
40037,CARLOS ALBERTO DA SILVA,PSB,Vereador,140,7,2024
25125,CARLOS HENRIQUE FORTUNATO,PRD,Vereador,139,7,2024
28777,GILMAR JACKSON BARBOSA,PRTB,Vereador,139,7,2024
35111,SERGIO PAULO DIAS,PMB,Vereador,138,7,2024
44831,JOSE MACENA DA SILVA FILHO,UNIÃO,Vereador,136,7,2024
15220,CANDIDO IDALGO DA SILVA,MDB,Vereador,136,7,2024
10112,RUTE APARECIDA LEITE RIPARI,REPUBLICANOS,Vereador,134,7,2024
12300,MARIA NEVES,PDT,Vereador,134,7,2024
27190,LEANDRO ALVES PEREIRA,DC,Vereador,134,7,2024
22221,JAIR SILVA RIOS,PL,Vereador,134,7,2024
20222,THAÍS CRISTINA CAGLIARI DE SOUZA,PODE,Vereador,133,7,2024
40313,FRANCISCO GENEZIO LIMA DE MESQUITA,PSB,Vereador,132,7,2024
36123,LUZIA JORGINA FIGUEIREDO,AGIR,Vereador,130,7,2024
36999,DOMINGOS NICOLUCCI FILHO,AGIR,Vereador,130,7,2024
35007,CREUZA RODRIGUES REAL DE OLIVEIRA,PMB,Vereador,130,7,2024
70179,JUZIANI DOS SANTOS,AVANTE,Vereador,130,7,2024
36444,MANOEL ROSA,AGIR,Vereador,129,7,2024
50147,JOÃO PEREIRA MARINS,PSOL,Vereador,129,7,2024
40111,CLAUDETE DA SILVA XAVIER,PSB,Vereador,128,7,2024
35567,ALESSANDRO DE OLIVEIRA SOUZA,PMB,Vereador,127,7,2024
30022,MAIRA MUNHOZ AZEVEDO,NOVO,Vereador,127,7,2024
77714,CLAYSON DIAS FERREIRA,SOLIDARIEDADE,Vereador,126,7,2024
28123,ANTONIO CARLOS DA CONCEIÇÃO,PRTB,Vereador,126,7,2024
55695,DANIELA ANTÔNIO DA SILVA,PSD,Vereador,125,7,2024
30789,MARÍA LÚCIA VIANA DA SILVA,NOVO,Vereador,125,7,2024
70222,MARIA DANIELA ALVES,AVANTE,Vereador,124,7,2024
77757,FABIO ORLANDO MOISÉS,SOLIDARIEDADE,Vereador,124,7,2024
12639,FABIANO TORTORELLI,PDT,Vereador,123,7,2024
44010,JOSE RENATO TAVARES DE AMORIM,UNIÃO,Vereador,123,7,2024
11444,ELIANA CRISTINA VISCALDI,PP,Vereador,123,7,2024
77555,ROBERTA CRISTINA BARRADA MELCHIOR MERLO,SOLIDARIEDADE,Vereador,121,7,2024
15444,CICERO DINIZ,MDB,Vereador,121,7,2024
10017,LEONARDO VINICIUS DE OLIVEIRA,REPUBLICANOS,Vereador,120,7,2024
11666,VIVIANE MENDES SANTIAGO,PP,Vereador,120,7,2024
70111,HUGO FERNANDO PONCE RIBEIRO,AVANTE,Vereador,120,7,2024
15012,JULIANO ALEXANDRE VALADARES DE SIQUEIRA,MDB,Vereador,120,7,2024
44015,CLARINDA MORENTE,UNIÃO,Vereador,120,7,2024
11555,JOÃO LUIZ DE ASSIS,PP,Vereador,119,7,2024
35222,CARLOS LEANDRO SIQUEIRA ZIMERMAN,PMB,Vereador,119,7,2024
70088,ANA PAULA VALENTIM BALLARINI,AVANTE,Vereador,118,7,2024
35000,VALÉRIA APARECIDA FIRMINO,PMB,Vereador,117,7,2024
15122,SUELI DE FÁTIMA STOLTI,MDB,Vereador,116,7,2024
13200,ABEL ANTONIO DE OLIVEIRA,PT,Vereador,115,7,2024
45019,RODRIGO DIAS DE CILLO,PSDB,Vereador,115,7,2024
27222,VALDETE NUNES DE SOUZA,DC,Vereador,114,7,2024
10077,LÉIA DE SOUZA FRANÇA,REPUBLICANOS,Vereador,113,7,2024
11411,NELSON EDSON FERNANDES,PP,Vereador,113,7,2024
40707,IDALINA DE CASTRO,PSB,Vereador,113,7,2024
23578,DENIS CARLOS TORRES,CIDADANIA,Vereador,112,7,2024
36456,VERA LÚCIA PEREIRA,AGIR,Vereador,111,7,2024
55999,VALDOMIRO PINHEIRO DE CAMPOS,PSD,Vereador,111,7,2024
25123,LUIZ NUNES MENDES NETO,PRD,Vereador,108,7,2024
25222,KARYN JANAINA DO PRADO LIMA CANDIDO,PRD,Vereador,106,7,2024
13570,JOÃO DOMINGUES DA FONSECA FILHO,PT,Vereador,106,7,2024
23126,ELIANE DA SILVA ROCHA,CIDADANIA,Vereador,104,7,2024
15500,JULIO CESAR THEODORO CARVALHO,MDB,Vereador,104,7,2024
28318,JEFFERSON PARZIANELLO ASSAF,PRTB,Vereador,104,7,2024
15023,JOSE ALEXANDRE MENDES,MDB,Vereador,104,7,2024
30008,ANA RITA FERREIRA PANSANI,NOVO,Vereador,104,7,2024
44555,VANESSA CRISTINA RIBEIRO DE EÇA,UNIÃO,Vereador,102,7,2024
55755,EDENIR BERTELLI,PSD,Vereador,101,7,2024
30226,MARIA EDNA NUNES DOS SANTOS,NOVO,Vereador,98,7,2024
12789,SANDRA REGINA LEÃO PAPA,PDT,Vereador,98,7,2024
36125,JOSELINDA PEREIRA BARBOSA,AGIR,Vereador,98,7,2024
70707,MARCOS CESAR VENTURA ESTEVAN,AVANTE,Vereador,97,7,2024
12661,ANTONIO CARLOS DIONISIO BISPO,PDT,Vereador,96,7,2024
45245,SABRINA TAMARA DO COUTO,PSDB,Vereador,96,7,2024
77767,ADRIANO APARECIDO DA SILVA,SOLIDARIEDADE,Vereador,95,7,2024
23003,HELGA MARA OLIVEIRA DE SIMONE,CIDADANIA,Vereador,95,7,2024
28008,JOÃO BATISTA PEDROSO,PRTB,Vereador,95,7,2024
35789,GISA CRISTINA BADAN PADILHA,PMB,Vereador,95,7,2024
77546,JOSÉ RODRIGUES DE LANA,SOLIDARIEDADE,Vereador,94,7,2024
36001,ALEXANDER STEINMETZ,AGIR,Vereador,94,7,2024
16000,MARIA ZULEIDE DE FREITAS,PSTU,Vereador,94,7,2024
20177,MARIA AUXILIADORA DA SILVA NEVES,PODE,Vereador,94,7,2024
55678,ANDRESSA VERONICA BARROS DE FREITAS,PSD,Vereador,94,7,2024
23999,JOICE SIMONE MECHE,CIDADANIA,Vereador,94,7,2024
12456,EDVANDO APARECIDO DE SOUZA,PDT,Vereador,93,7,2024
77007,ROBERTO SANTOS ALBERTO,SOLIDARIEDADE,Vereador,93,7,2024
70040,MARIA ORDILIA TEIXEIRA,AVANTE,Vereador,90,7,2024
11144,ELEN CRISTINA PINTO FELIX,PP,Vereador,89,7,2024
30123,SELMA MARIA FERREIRA DE SOUZA,NOVO,Vereador,89,7,2024
15535,ANTONIO ATILIO MIATTO,MDB,Vereador,88,7,2024
11321,MARIA CECÍLIA DE OLIVEIRA LINDO,PP,Vereador,88,7,2024
12200,CLOVES ALVES DOS SANTOS,PDT,Vereador,87,7,2024
23099,ROSEMERI FERREIRA ROSSIN MASIERO,CIDADANIA,Vereador,85,7,2024
25577,GERVALDO CESAR MARIUCCI,PRD,Vereador,85,7,2024
35249,JOSÉ LUIS MARTINS,PMB,Vereador,83,7,2024
50555,GILTON JOSÉ DE SOUSA NASCIMENTO,PSOL,Vereador,83,7,2024
22192,VALTER ZANETTI JUNIOR,PL,Vereador,81,7,2024
28111,LENIMAR DE OLIVEIRA MENEZES,PRTB,Vereador,80,7,2024
36912,RENATO HENRIQUE SKUG FERREIRA,AGIR,Vereador,79,7,2024
28100,TIAGO APARECIDO  ALVES,PRTB,Vereador,78,7,2024
27777,TARCISIO DA SILVA MOURA DA CRUZ,DC,Vereador,78,7,2024
70175,WILZA APARECIDA ARAUJO SILVA,AVANTE,Vereador,76,7,2024
11112,ARADIANE CRISTINA VICENTE RODRIGUES CHRISPIM,PP,Vereador,76,7,2024
12234,CARLOS AUGUSTO SILVEIRA SOUSA,PDT,Vereador,76,7,2024
28888,CRISTINA MARIA DA SILVA MONTEIRO,PRTB,Vereador,75,7,2024
28810,NORBERTO FRANCHI DE ANDRADE,PRTB,Vereador,75,7,2024
35977,SIDIVAL CARLOS DA SILVA,PMB,Vereador,75,7,2024
50575,ELESIVALDO DOS SANTOS,PSOL,Vereador,75,7,2024
15333,MARIA JOENEA BARBOSA DE OLIVEIRA,MDB,Vereador,75,7,2024
12156,GABRIELA PACHECO ALVARO,PDT,Vereador,74,7,2024
55333,FÁBIO LUCIANO PEREIRA,PSD,Vereador,73,7,2024
70011,JEFFERSON ALESSANDRO ROBIN,AVANTE,Vereador,71,7,2024
36360,CANDIDO GONÇALVES DA SILVA,AGIR,Vereador,69,7,2024
27147,ROZELI DA SILVA NOGUEIRA,DC,Vereador,69,7,2024
10520,SUELI DOS SANTOS SILVA BARBOSA,REPUBLICANOS,Vereador,67,7,2024
30190,ERCILIA PEREIRA DE BRITO,NOVO,Vereador,67,7,2024
55789,MARCOS ROBERTO DIAS,PSD,Vereador,66,7,2024
27027,VILMAR HERNEGA,DC,Vereador,66,7,2024
25678,ROSEMARY DE SOUSA MONTEIRO,PRD,Vereador,66,7,2024
35300,MARCIA JANE GERALDO,PMB,Vereador,65,7,2024
15025,MÁRCIA DE FÁTIMA MORAIS,MDB,Vereador,64,7,2024
40321,CÉLIA ANDRADE GARCIA,PSB,Vereador,63,7,2024
36036,ALVIMAR LEITE DOS SANTOS,AGIR,Vereador,62,7,2024
30003,DAVI ALEJANDRO NASCIMENTO,NOVO,Vereador,62,7,2024
18000,GUILHERME FERREIRA DE OLIVEIRA,REDE,Vereador,62,7,2024
28017,MYRIAM MIRTHES KOESTER,PRTB,Vereador,62,7,2024
55955,ROCHELE SALIM,PSD,Vereador,61,7,2024
50333,DANIEL DA SILVA SEEMANN,PSOL,Vereador,61,7,2024
30888,PATRICIA ESTEPHANO VICHIL JOVANOVICH,NOVO,Vereador,61,7,2024
15246,ADRIANA MARIA DA SILVA MARGARIDO,MDB,Vereador,61,7,2024
11030,IZABEL DE SOUZA SANTOS,PP,Vereador,60,7,2024
35121,PEDRO GUALBERTO OLIVEIRA DOS SANTOS,PMB,Vereador,60,7,2024
22111,GLENISE MARE ROSA,PL,Vereador,60,7,2024
50632,MANOEL GOMES DA SILVA,PSOL,Vereador,59,7,2024
20111,ROSILENE LIMA DANTAS DA SILVA,PODE,Vereador,59,7,2024
36500,JOSÉ DOMINGOS SIMÕES JUNIOR,AGIR,Vereador,59,7,2024
65556,JOAQUINA GOMES DE LIMA TEIXEIRA,PC do B,Vereador,59,7,2024
10600,LUIZA MARIA ARAÚJO,REPUBLICANOS,Vereador,58,7,2024
23555,MARLLI SILVA SOBRAL,CIDADANIA,Vereador,57,7,2024
50077,LUCIMARA DE JESUS SANTOS,PSOL,Vereador,56,7,2024
28580,ALBANO ARAUJO,PRTB,Vereador,56,7,2024
23721,MARIA BETANIA PEREIRA DOS SANTOS,CIDADANIA,Vereador,56,7,2024
30222,FLÁVIO CESAR URBANO,NOVO,Vereador,56,7,2024
35350,WILLIAMS VIEIRA RODRIGUES,PMB,Vereador,55,7,2024
22288,ÉLIDE FÁTIMA PIRES,PL,Vereador,54,7,2024
30377,THAIS CAROLINE DO CARMO JORGINO,NOVO,Vereador,53,7,2024
36025,ANTONIO CARLOS OLIVERIO,AGIR,Vereador,52,7,2024
77300,ADRIANO DE JESUS MENDES,SOLIDARIEDADE,Vereador,51,7,2024
36222,JESSA ZIZA DE SANTANA DA SILVA,AGIR,Vereador,51,7,2024
13030,DOUGLAS BARBOSA DA SILVA,PT,Vereador,51,7,2024
20999,CINTHIA CARLA PRESTES NOGUEIRA,PODE,Vereador,51,7,2024
35323,LUAN CARLOS FERREIRA,PMB,Vereador,50,7,2024
12077,HELOISA MARIA DA SILVA,PDT,Vereador,49,7,2024
12012,EDVALDO FERREIRA GUEDES,PDT,Vereador,49,7,2024
77213,KHETLIN  PAULINA TABORDA DE BRITO,SOLIDARIEDADE,Vereador,49,7,2024
70055,APARECIDA CUSTODIO DOS SANTOS,AVANTE,Vereador,49,7,2024
35160,JAIRO DE OLIVEIRA LIMA,PMB,Vereador,48,7,2024
20045,SONIA MORELLI JUSTI,PODE,Vereador,48,7,2024
70017,KATARINA LEME DA SILVA,AVANTE,Vereador,48,7,2024
36666,JOELMA GILMARA ANTUNES,AGIR,Vereador,48,7,2024
77287,ELIANA MARIA ROCHA MIRANDA,SOLIDARIEDADE,Vereador,48,7,2024
28029,SANDRA REGINA DA SILVA,PRTB,Vereador,48,7,2024
45400,CAMILA SEIXAS SCARAMUZA LEIBANTE,PSDB,Vereador,48,7,2024
27002,NAHIN DOS SANTOS,DC,Vereador,47,7,2024
36987,JOEL VALENCIO DE SOUZA,AGIR,Vereador,47,7,2024
36193,GENNE ALBINO PINTO,AGIR,Vereador,46,7,2024
35153,CRISTIANO DE OLIVEIRA E SILVA,PMB,Vereador,46,7,2024
27234,MARISA MARTINS DE OLIVEIRA,DC,Vereador,45,7,2024
27371,JOANA D ARQ MONTARELI DA SILVA,DC,Vereador,44,7,2024
13777,PEDRO PAULO TOBIAS ROSA,PT,Vereador,43,7,2024
12645,LEONARDO LORO MARTINS PINTO,PDT,Vereador,43,7,2024
35235,VALDENIR DA SILVA,PMB,Vereador,42,7,2024
18111,ALLEF FERREIRA DA SILVA,REDE,Vereador,42,7,2024
70076,SANDRA REGINA SILVA DOS SANTOS,AVANTE,Vereador,41,7,2024
25191,MARCELO DA SILVA JUNIOR,PRD,Vereador,40,7,2024
28122,GIGLIOLA  FERREIRA DOS SANTOS,PRTB,Vereador,38,7,2024
27060,WLADIMIR HENRIQUE,DC,Vereador,38,7,2024
77277,LUÍZA VICENSI FERNANDES,SOLIDARIEDADE,Vereador,37,7,2024
40424,ADRIANA CRISTINA LEITE SILVA,PSB,Vereador,37,7,2024
36277,ROSELI PAULINO,AGIR,Vereador,36,7,2024
30150,MAIKO SOUSA NERES,NOVO,Vereador,35,7,2024
12167,BETTI THEREZINHA TEIXEIRA ROSSINI,PDT,Vereador,35,7,2024
77789,ELAINE CRISTINA DA SILVA POGGETTI,SOLIDARIEDADE,Vereador,34,7,2024
25300,DIANA MARIA RODRIGUES,PRD,Vereador,34,7,2024
20567,FLAVIA SOUSA MARQUES PEREIRA,PODE,Vereador,34,7,2024
36006,CRISTIANO VINICIUS MENDES DE CARVALHO GALIANO,AGIR,Vereador,33,7,2024
15234,SIMONE VALESKA DA SILVA FREITAS,MDB,Vereador,33,7,2024
77917,GERIVALDO SANTOS LIMA,SOLIDARIEDADE,Vereador,32,7,2024
35555,CARLA FERREIRA XAVIER,PMB,Vereador,32,7,2024
27127,CYRO MANOEL PEREIRA DE LIMA,DC,Vereador,32,7,2024
12750,GILBERTO JEFFERSON DE BARROS,PDT,Vereador,29,7,2024
36200,GILBERTO FELIX DA SILVA,AGIR,Vereador,29,7,2024
12273,BRIGIDA FELICIANA DOS SANTOS,PDT,Vereador,29,7,2024
36333,FABIANA STROPA,AGIR,Vereador,28,7,2024
70107,LEILA CURSINO BATISTA,AVANTE,Vereador,28,7,2024
35515,ROBSON APARECIDO AYRES,PMB,Vereador,27,7,2024
35888,MARGARIDA FERREIRA DA SILVA BARBOZA,PMB,Vereador,26,7,2024
50054,PAULO ROBERTO DIAS,PSOL,Vereador,26,7,2024
35388,SONIA APARECIDA MARIANO,PMB,Vereador,25,7,2024
25132,FRANCISLEY ILDECIR RODRIGUES,PRD,Vereador,24,7,2024
13093,ADLLAYNE VITORINO DAMBROSKI PEDROSO,PT,Vereador,23,7,2024
25378,BRUNNO HENRIQUE CATELAN VELOSO DE JESUS,PRD,Vereador,21,7,2024
12980,REGINA CÉLIA MARTINS,PDT,Vereador,21,7,2024
25636,ANDRE DE MATOS TELIS,PRD,Vereador,20,7,2024
30730,AUGUSTO CÉSAR DE PAIVA CASTRO JUNIOR,NOVO,Vereador,20,7,2024
30111,EDSON EDUARDO SANTINI,NOVO,Vereador,20,7,2024
36111,IARA APARECIDA RODRIGUES DOS SANTOS,AGIR,Vereador,20,7,2024
15255,LUCIANA FRANÇA,MDB,Vereador,19,7,2024
35999,DAVID HONORATO,PMB,Vereador,18,7,2024
10756,RHAIZA FERNANDA ATÊNCIO LIMA DOS ANJOS,REPUBLICANOS,Vereador,17,7,2024
25170,CARLOS EDUARDO ALVES,PRD,Vereador,17,7,2024
15002,EDNA CONTINI DA CUNHA,MDB,Vereador,16,7,2024
35570,VERA LÚCIA DE LIMA,PMB,Vereador,16,7,2024
36007,PEDRO HENRIQUE MÁXIMO RODRIGUES,AGIR,Vereador,15,7,2024
30900,RAIMUNDO SERAPIÃO DE BRITO,NOVO,Vereador,15,7,2024
25200,AGATHA BEATRIZ FELIX DE SOUZA,PRD,Vereador,15,7,2024
55045,ROSANA MATIAS DA PENHA,PSD,Vereador,15,7,2024
36023,SONIA MARIA DOS SANTOS,AGIR,Vereador,14,7,2024
77333,MARIA CRISTINA DE CAMPOS BRITO,SOLIDARIEDADE,Vereador,14,7,2024
25632,MARCOS FERNANDES MONTEIRO,PRD,Vereador,14,7,2024
25668,ANDRÉ LUIZ BENEDETI,PRD,Vereador,13,7,2024
25321,ROBERTO ALVES MENDONÇA,PRD,Vereador,13,7,2024
36190,FRANCISCO PEREIRA DE CASTRO JUNIOR,AGIR,Vereador,13,7,2024
12454,ISABELA MACHADO FERRACINI,PDT,Vereador,11,7,2024
27294,MARILDA MARQUES MENDES,DC,Vereador,11,7,2024
22733,MARCELO CARLOS ADÃO,PL,Vereador,11,7,2024
25456,FLAVIA DE ANDRADE SANTOS MACEDO DOMINGUES,PRD,Vereador,9,7,2024
25630,MAYRA MEIRA DE ALMEIDA BARROS,PRD,Vereador,8,7,2024
25800,MARCIO CHAHOUD GARCIA,PRD,Vereador,8,7,2024
35154,CARLOS ROBERTO DOS SANTOS,PMB,Vereador,6,7,2024
25633,JÚLIO CESAR ALVES DE OLIVEIRA,PRD,Vereador,6,7,2024
27052,MARCOS ANTONIO GONCALVES,DC,Vereador,5,7,2024
25614,RUTE GOBATTI DE LIMA SANTOS,PRD,Vereador,5,7,2024
25999,JEFERSON BEIERLE,PRD,Vereador,4,7,2024
27700,TAIARA GONCALVES LOPES,DC,Vereador,3,7,2024
25250,MAIRA STEFANY GOBO DOS SANTOS,PRD,Vereador,3,7,2024
25959,JONATHAS ERNANI SOUZA MORAES,PRD,Vereador,2,7,2024
36777,ANDERSON JONATAS DA SILVA,AGIR,Vereador,2,7,2024
77550,VALDECI DA SILVA,SOLIDARIEDADE,Vereador,1,7,2024
25111,LUIS FERNANDO ROGERIO DA SILVA,PRD,Vereador,1,7,2024
25186,KLEBER EDUARDO GONÇALVES,PRD,Vereador,1,7,2024
27648,MILDRED FERNANDA SILVA BRITO,DC,Vereador,0,7,2024
44004,DOUGLAS FRANCISCO DA SILVA,UNIÃO,Vereador,0,7,2024
45321,GERALDO CELSO SAMPAIO BOSSOLAN,PSDB,Vereador,0,7,2024
25137,LEONARDO CABRAL DE MOURA,PRD,Vereador,0,7,2024
25604,THAMIRIS ARAUJO,PRD,Vereador,0,7,2024
35088,ROSILENE FERREIRA NUNES,PMB,Vereador,0,7,2024
25001,CAMILA FREITAS NUNES,PRD,Vereador,0,7,2024
70200,COSME SANTOS COSTA,AVANTE,Vereador,0,7,2024
70567,MARISTELA DE SOUZA GOMES,AVANTE,Vereador,0,7,2024
70000,AURELIO JOSE CLAUDIO,AVANTE,Vereador,0,7,2024
